station,2007,2008,2009,2010,2011,2012,2013,2014,2015,2016,2017
Acton Town,5.77,5.82,5.46,5.43,5.46,5.58,5.75,6.06,6.2350449999999995,6.27,6.04
Aldgate,5.57,6.24,5.97,6.03,6.24,6.65,6.88,7.22,7.527810000000001,8.01,8.85
Aldgate East,7.66,8.15,9.05,8.97,9.16,10.13,11.66,12.25,12.839311,13.43,14.0
Alperton,3.01,3.07,3.04,2.94,2.95,2.89,2.96,3.17,3.2054549999999997,3.17,3.05
Amersham,2.34,2.17,2.09,2.11,2.1,2.1,2.04,2.44,2.2871490000000003,2.36,2.32
Angel,16.63,17.82,18.05,17.82,17.78,18.58,18.93,19.22,19.756365,20.1,19.2
Archway,7.74,8.24,8.05,8.05,8.08,8.06,8.17,8.94,9.794439,9.94,9.28
Arnos Grove,4.31,4.25,4.31,4.1,4.16,4.16,4.48,4.71,4.550587,4.65,4.61
Arsenal,2.73,3.21,3.05,2.98,3.07,3.02,3.09,2.9,2.802635,3.01,2.82
Baker Street,24.01,24.61,25.64,26.28,27.02,27.74,28.1,32.18,29.379132000000002,29.75,28.78
Balham,11.34,11.56,11.55,10.9,11.46,11.9,12.05,13.47,14.178948000000002,14.64,14.31
Bank & Monument,41.88,42.82,40.66,43.5,47.8,47.75,48.88,52.31,57.51297099999999,64.26,61.8
Barbican,9.56,10.03,9.26,8.87,9.23,9.85,10.46,11.44,11.283478,11.97,11.83
Barking,12.79,11.68,13.05,13.72,13.96,14.51,15.22,15.59,16.055212,15.86,18.2
Barkingside,0.86,0.95,0.98,1.08,1.16,1.12,1.24,1.35,1.4062860000000001,1.63,1.62
Barons Court,6.7,6.78,6.35,6.46,6.54,6.81,7.16,7.5,7.295186,7.21,7.12
Bayswater,6.04,5.98,6.44,5.52,5.1,5.54,5.49,5.69,5.21959,4.76,4.71
Becontree,2.31,2.55,2.42,2.49,2.76,2.84,3.04,3.4,3.4902879999999996,3.55,3.64
Belsize Park,5.63,6.14,6.08,6.17,5.75,5.81,5.84,5.93,6.155599,6.48,6.24
Bermondsey,6.56,6.65,6.38,6.6,7.38,8.0,8.64,9.38,10.163683,11.07,10.64
Bethnal Green,14.1,14.27,15.11,15.06,15.09,15.06,15.27,16.08,16.164737,16.27,15.57
Blackfriars,12.62,13.14,0.0,0.0,0.0,9.28,12.09,13.14,13.702647,15.45,14.83
Blackhorse Road,6.18,6.09,5.68,6.1,6.47,7.3,7.9,8.63,8.360092,8.45,9.0
Bond Street,36.7,36.41,36.85,36.87,36.02,38.07,39.65,19.8,37.119274,39.53,38.8
Borough,4.14,4.14,4.87,5.09,4.57,4.84,4.89,5.31,5.358351,5.87,5.87
Boston Manor,1.86,1.98,1.93,1.87,1.89,1.95,2.08,2.28,2.242854,2.32,2.29
Bounds Green,5.5,5.78,5.55,5.3,5.59,5.74,6.16,6.56,6.4623,6.62,6.39
Bow Road,4.59,5.32,5.08,5.3,5.08,5.18,5.6,5.77,6.102443,5.65,5.66
Brent Cross,1.89,2.19,2.14,2.14,2.21,2.13,2.14,2.4,2.566618,2.49,2.52
Brixton,20.58,20.93,20.88,21.28,22.51,24.82,27.22,29.37,30.830921000000004,33.46,32.84
Bromley-by-Bow,2.65,2.75,2.41,2.62,2.75,2.63,3.21,3.41,3.6858400000000002,3.79,3.75
Buckhurst Hill,1.55,1.6,1.72,1.79,1.85,1.91,1.94,2.06,2.063838,2.19,2.3
Burnt Oak,3.17,3.51,3.64,3.68,3.79,3.62,3.61,4.08,4.3837720000000004,4.52,4.49
Caledonian Road,5.33,4.93,5.08,5.09,5.27,5.25,5.94,6.0,6.126683,5.73,5.72
Camden Town,18.78,19.64,19.67,20.96,20.99,21.61,22.52,23.37,21.898497,22.88,22.51
Canada Water,8.95,11.43,10.61,9.01,9.91,10.72,11.56,11.81,12.77743,14.44,15.1
Canary Wharf,41.62,43.51,39.62,41.53,46.59,48.04,50.05,51.81,54.441424,54.79,50.91
Canning Town,8.1,7.98,7.83,8.22,8.71,8.74,9.78,10.1,10.916031,11.91,13.28
Cannon Street,4.11,4.54,3.93,3.95,4.05,4.09,4.64,5.3,7.485065,8.98,9.39
Canons Park,1.54,1.56,1.65,1.61,1.82,1.98,2.38,2.6,2.786006,2.93,3.07
Chalfont & Latimer,1.31,1.19,1.11,1.1,1.19,1.27,1.11,1.48,1.437534,1.49,1.67
Chalk Farm,4.65,4.85,5.39,5.25,4.94,5.34,5.55,5.89,5.752495,5.61,5.89
Chancery Lane,14.77,15.39,14.79,15.28,16.04,15.9,16.52,16.59,16.355373,18.19,17.48
Charing Cross,22.3,23.39,22.84,21.39,19.51,18.52,18.63,21.3,20.690327,8.13,19.47
Chesham,0.43,0.45,0.43,0.46,0.62,0.65,0.69,0.81,0.8752610000000001,1.07,1.13
Chigwell,0.38,0.41,0.4,0.44,0.46,0.49,0.52,0.53,0.5590609999999999,0.53,0.5
Chiswick Park,2.22,2.05,1.95,1.93,1.97,2.1,2.12,2.39,2.148469,2.29,2.25
Chorleywood,1.0,0.86,0.86,0.85,0.91,1.01,0.99,1.06,1.137678,1.07,0.75
Clapham Common,8.77,9.05,8.97,8.97,9.06,9.21,8.94,8.94,10.072099,10.04,10.49
Clapham North,5.71,5.85,5.57,5.65,5.83,5.82,6.17,6.67,7.026138,6.9,6.86
Clapham South,7.38,7.6,7.53,7.48,7.82,7.8,7.58,8.47,8.584904,8.8,8.65
Cockfosters,1.63,1.76,1.67,1.67,1.72,1.81,1.97,1.95,1.8475849999999998,2.04,1.93
Colindale,3.79,4.1,4.09,3.93,4.13,4.27,4.54,5.4,5.946530999999999,6.23,7.14
Colliers Wood,5.24,5.48,5.3,5.56,5.57,5.68,5.79,6.31,6.515664,6.72,6.7
Covent Garden,12.74,17.51,18.71,19.6,20.28,21.29,21.17,15.38,14.66925,17.19,17.54
Croxley,0.73,0.75,0.78,0.78,0.82,0.89,0.92,1.03,1.0594059999999998,1.08,1.13
Dagenham East,2.09,2.14,2.16,2.11,2.22,2.29,2.42,2.66,2.858892,2.98,3.0
Dagenham Heathway,3.72,4.08,4.24,4.2,4.71,4.91,5.16,5.8,6.065247,6.04,6.08
Debden,1.78,1.76,1.9,2.02,2.12,2.2,2.3,2.48,2.4625,2.47,2.47
Dollis Hill,3.8,3.66,3.29,3.0,3.08,3.18,3.23,3.08,3.085602,4.18,4.26
Ealing Broadway,17.53,17.86,16.62,16.51,16.09,16.09,16.64,17.38,16.840132,18.6,16.79
Ealing Common,3.42,3.4,3.19,3.2,3.25,3.24,3.34,3.57,3.5165629999999997,3.18,3.19
Earl's Court,20.86,20.43,19.69,21.21,20.97,21.03,21.27,22.01,20.501361,20.0,19.99
East Acton,3.64,3.9,3.51,3.41,3.41,3.47,3.88,4.02,4.0094330000000005,4.12,4.08
East Finchley,5.71,5.95,5.83,6.23,6.29,6.3,6.56,7.32,7.342555,7.47,7.31
East Ham,12.38,12.67,12.68,13.12,13.37,13.31,13.58,14.82,15.094316000000001,14.75,14.7
East Putney,5.77,5.81,5.61,4.92,4.93,5.33,5.65,6.14,5.99512,6.37,6.18
Eastcote,2.35,2.46,2.41,2.35,2.43,2.52,2.63,2.76,2.833742,2.94,3.01
Edgware,3.46,3.72,4.33,4.39,4.37,4.08,4.09,4.59,4.776513,5.19,5.28
Edgware Road (Bak),3.52,3.7,3.79,3.89,4.06,4.43,0.0,4.26,4.503184,5.01,4.62
Edgware Road (Cir),5.99,6.04,6.8,5.89,5.94,6.31,8.19,7.33,7.2100740000000005,6.96,7.15
Elephant & Castle,17.13,18.54,18.33,18.23,17.72,17.96,17.67,18.48,19.088917000000002,23.3,22.1
Elm Park,2.24,2.4,2.39,2.33,2.44,2.49,2.63,2.99,3.004341,3.1,3.28
Embankment,19.97,20.85,19.83,20.21,19.79,19.88,20.15,19.66,21.562479,26.84,22.13
Epping,2.3,2.48,2.78,2.86,3.1,3.03,3.14,3.07,3.330335,3.77,3.97
Euston,25.78,28.13,31.12,33.57,35.32,37.53,38.03,41.33,42.159332,43.1,43.07
Euston Square,9.96,10.58,10.71,10.03,10.89,11.36,12.36,14.33,14.878866,14.4,14.13
Fairlop,0.7,0.8,0.83,0.84,0.92,0.91,0.97,1.09,1.134269,1.2,1.24
Farringdon,18.28,18.84,15.67,16.81,19.02,20.4,21.76,23.63,23.775738,15.87,20.14
Finchley Central,4.94,5.05,5.12,5.31,5.49,5.51,5.33,5.68,5.779925,6.95,7.2
Finchley Road,9.78,10.18,9.31,8.85,8.98,9.37,9.9,10.06,9.951122999999999,10.0,9.63
Finsbury Park,24.8,26.3,23.21,23.46,24.29,26.04,27.07,28.0,28.847088,32.74,31.22
Fulham Broadway,10.29,9.63,9.68,9.3,9.56,9.5,9.94,10.77,10.714422,10.15,9.63
Gants Hill,4.53,4.69,5.26,5.06,5.48,5.59,5.99,6.56,6.588251,7.14,6.83
Gloucester Road,13.61,13.52,13.73,14.48,14.16,14.19,14.91,11.96,14.203922,13.98,13.84
Golders Green,7.64,7.67,7.9,7.97,7.81,7.64,7.4,8.25,8.700123,8.51,8.41
Goldhawk Road,1.59,1.77,1.58,1.49,1.6,1.72,1.79,2.1,2.0880259999999997,2.12,2.14
Goodge Street,7.94,8.49,8.7,9.03,10.62,8.61,8.23,8.38,8.841266000000001,8.46,7.52
Grange Hill,0.4,0.46,0.44,0.49,0.49,0.54,0.56,0.6,0.6576609999999999,0.66,0.67
Great Portland Street,6.21,6.96,6.88,6.79,7.17,7.36,7.58,8.43,8.343311,8.66,8.08
Green Park,30.03,29.62,28.26,29.37,31.72,33.99,35.46,39.83,39.552887,41.24,39.34
Greenford,3.52,3.53,3.49,3.67,3.95,4.05,4.35,4.63,4.716521,4.81,4.68
Gunnersbury,3.66,3.67,3.83,3.93,4.39,4.64,4.55,5.41,5.410585,5.78,5.71
Hainault,2.24,2.38,2.53,2.69,2.95,2.86,3.15,3.48,3.607791,3.74,3.8
Hammersmith (Dis),27.18,28.98,27.43,27.88,28.94,28.65,29.29,29.26,28.834401,29.42,29.31
Hammersmith (H&C),6.79,9.17,8.6,8.68,8.89,8.64,8.96,9.72,10.703965,10.57,10.85
Hampstead,4.31,4.53,4.73,4.51,4.31,4.38,4.29,4.36,4.5575660000000005,4.64,4.83
Hanger Lane,2.94,2.92,3.15,3.23,3.36,3.45,3.63,3.84,3.949461,4.1,3.89
Harlesden,2.2,2.24,2.23,2.05,2.28,2.43,2.6,2.77,3.007807,3.1,3.2
Harrow & Wealdstone,5.06,4.31,3.89,4.28,4.47,4.45,4.66,4.51,5.002877,4.96,4.83
Harrow-on-the-Hill,9.38,9.36,8.59,8.49,8.75,8.85,9.21,9.87,10.259516,10.67,10.96
Hatton Cross,3.15,2.74,2.72,2.8,2.93,2.96,3.08,3.22,3.199955,3.25,3.21
Heathrow Terminal 4,2.11,1.17,1.77,2.14,2.46,2.44,2.43,7.66,2.347501,2.28,2.29
Heathrow Terminals 123,9.31,8.09,8.27,7.96,7.72,7.8,8.14,4.22,7.489313,7.73,7.81
Hendon Central,5.4,5.91,6.08,6.26,7.01,6.83,6.84,7.4,7.970028,8.13,7.8
High Barnet,2.61,2.73,2.73,2.86,3.14,2.88,2.8,3.23,3.648827,3.65,4.26
High Street Kensington,12.6,13.26,12.52,12.01,11.99,12.9,13.46,13.78,13.36254,13.1,12.76
Highbury & Islington,13.79,13.73,14.33,13.94,16.26,16.77,18.13,18.28,18.443978,20.22,20.09
Highgate,4.49,4.85,4.97,4.98,4.98,4.76,4.64,5.04,5.482772,5.77,5.87
Hillingdon,1.31,1.39,1.33,1.3,1.4,1.48,1.63,1.8,1.8561169999999998,1.77,1.81
Holborn,31.11,30.18,30.1,31.26,31.98,31.51,34.02,36.32,40.530196000000004,33.96,32.54
Holland Park,3.62,3.88,3.5,3.39,3.37,3.32,3.39,3.16,3.366174,3.23,3.63
Holloway Road,7.49,7.67,7.67,7.7,8.05,7.18,7.15,6.66,6.728650999999999,6.72,6.79
Hornchurch,1.85,1.96,1.95,1.93,1.98,2.0,1.99,2.15,2.0239580000000004,2.11,2.24
Hounslow Central,3.56,3.63,3.8,3.94,3.9,3.78,3.93,4.01,4.010773,3.83,3.95
Hounslow East,3.84,3.86,4.02,4.22,4.27,4.17,4.34,4.67,4.515142,3.87,4.04
Hounslow West,3.08,2.95,3.1,3.2,3.18,3.24,3.34,3.61,3.545552,3.55,3.52
Hyde Park Corner,5.6,6.42,6.19,5.87,6.07,5.79,5.8,5.84,7.436827,6.31,5.54
Ickenham,1.07,1.03,1.01,0.96,0.98,1.06,1.07,1.16,1.1903620000000001,1.17,1.17
Kennington,4.15,4.18,4.13,4.32,4.52,4.59,4.68,4.96,5.529121,5.59,5.58
Kensal Green,2.39,2.63,2.19,2.33,2.32,2.54,2.56,2.28,2.563193,2.72,2.69
Kensington (Olympia),0.95,1.32,1.27,1.29,1.74,1.8,1.88,1.95,2.008711,2.05,2.01
Kentish Town,6.43,7.1,7.28,7.44,7.21,7.58,6.45,7.72,10.493555,8.36,8.35
Kenton,1.44,1.47,1.68,1.82,1.94,1.97,2.02,1.96,2.1164169999999998,2.08,2.07
Kew Gardens,3.3,3.17,3.22,3.34,3.13,3.24,3.52,3.56,3.5496830000000004,4.18,4.37
Kilburn,8.5,8.56,7.85,7.2,7.52,7.69,7.79,7.87,8.269438000000001,8.58,8.62
Kilburn Park,3.36,3.62,4.07,3.79,3.46,3.45,3.48,3.38,3.4171480000000005,3.43,3.37
King's Cross St. Pancras,66.36,67.07,66.15,72.58,77.11,80.97,84.87,91.98,93.41301800000001,95.03,97.92
Kingsbury,3.33,3.32,3.33,3.11,3.44,3.73,4.12,4.59,4.9687470000000005,5.12,5.22
Knightsbridge,21.57,19.64,20.16,20.2,20.7,21.57,21.47,21.47,20.296928,19.09,17.21
Ladbroke Grove,4.84,5.44,5.12,5.23,5.09,5.3,5.67,6.08,5.813508000000001,5.8,5.95
Lambeth North,2.94,3.2,3.31,3.55,3.5,3.31,3.02,3.57,3.285854,0.0,3.53
Lancaster Gate,5.72,5.97,6.48,6.52,6.68,6.7,6.79,6.55,6.293475,7.06,6.24
Latimer Road,1.99,2.15,1.98,2.0,1.7,1.91,2.19,2.39,2.572535,2.63,2.46
Leicester Square,38.69,33.87,35.56,36.94,38.78,38.51,38.6,43.31,43.745951,37.84,36.73
Leyton,12.32,12.65,12.35,12.56,13.29,12.86,13.53,14.07,14.406501,14.33,13.47
Leytonstone,9.44,9.86,9.7,9.79,10.45,10.1,10.38,11.05,11.244736999999999,11.3,11.0
Liverpool Street,61.32,64.16,60.91,62.72,63.65,64.23,67.89,73.66,73.25732099999999,71.61,67.74
London Bridge,56.95,60.55,61.49,60.79,65.44,67.16,69.88,74.98,71.964428,70.74,69.05
Loughton,2.47,2.66,2.67,2.76,3.0,3.02,3.17,3.26,3.272688,3.45,3.58
Maida Vale,3.05,3.21,3.16,3.07,2.99,3.15,3.35,3.45,3.3827580000000004,3.41,3.29
Manor House,9.3,8.65,8.83,8.83,9.21,9.23,9.26,9.39,9.275642,9.12,8.69
Mansion House,5.11,5.32,7.03,7.2,7.42,5.65,5.77,6.2,5.5612129999999995,6.14,6.41
Marble Arch,14.97,16.3,16.62,17.79,16.87,15.69,16.36,16.11,15.442682000000001,14.11,14.0
Marylebone,10.8,11.38,11.73,11.39,11.4,12.11,13.4,13.3,12.525312,12.95,13.7
Mile End,12.08,13.3,13.52,13.23,14.01,14.06,14.37,15.6,16.310716,15.75,15.75
Mill Hill East,0.96,1.0,1.04,1.05,1.09,1.1,1.17,1.29,1.318158,1.34,1.38
Moor Park,0.73,0.76,0.77,0.78,0.82,0.81,0.82,0.89,0.88639,0.91,0.94
Moorgate,21.02,22.22,21.18,21.04,21.23,20.59,21.38,25.9,26.06263,27.57,26.87
Morden,6.28,6.65,6.98,6.76,7.2,7.28,7.7,8.62,9.275569,10.06,10.41
Mornington Crescent,4.05,4.29,4.48,4.67,4.3,4.55,4.65,4.76,4.531089,5.04,5.08
Neasden,3.33,2.99,2.85,2.66,2.7,2.91,3.11,3.41,3.6724699999999997,3.75,3.84
Newbury Park,3.38,3.59,3.93,3.85,3.92,3.93,4.4,4.62,4.327726999999999,5.43,5.53
North Acton,4.99,5.1,4.72,4.81,4.64,5.2,5.47,5.68,6.106253,6.53,6.79
North Ealing,0.87,0.92,0.94,0.88,0.94,0.9,0.86,0.89,0.892594,0.91,0.83
North Greenwich,17.28,17.76,18.1,17.73,15.7,24.17,22.4,24.27,26.377071,26.45,28.15
North Harrow,1.43,1.48,1.45,1.41,1.42,1.54,1.69,1.82,1.9378380000000002,1.97,1.92
North Wembley,1.37,1.4,1.47,1.4,1.57,1.64,1.65,1.66,1.836732,1.79,1.77
Northfields,4.06,4.06,3.92,3.83,3.79,3.98,4.1,4.21,4.080122,3.91,3.99
Northolt,3.41,3.52,3.74,4.05,4.28,4.42,4.61,4.99,5.026,5.16,5.18
Northwick Park,3.54,3.74,3.62,3.48,3.58,3.79,3.95,4.44,4.588128,4.65,4.52
Northwood,1.94,1.94,1.93,1.9,1.97,2.18,2.28,2.46,2.475743,2.49,3.04
Northwood Hills,1.28,1.38,1.32,1.25,1.29,1.41,1.48,1.63,1.720439,1.91,2.01
Notting Hill Gate,16.89,16.85,17.36,17.88,17.36,17.28,17.39,17.4,16.683962,17.18,16.34
Oakwood,2.61,2.84,2.91,2.9,2.74,2.41,2.79,2.94,2.842657,2.88,2.89
Old Street,17.93,19.24,19.61,20.05,21.04,21.88,21.86,23.28,25.14351,25.97,26.38
Osterley,2.06,2.06,2.06,2.03,2.15,2.19,2.32,2.46,2.350196,2.32,2.19
Oval,5.92,5.92,5.79,5.63,5.85,6.11,5.91,6.4,6.968322,6.45,7.36
Oxford Circus,72.05,72.91,72.72,70.12,77.09,80.55,85.25,98.51,92.355623,83.26,84.09
Paddington,37.24,40.7,42.02,44.0,46.48,46.33,49.71,49.28,49.637302000000005,49.48,48.82
Park Royal,1.59,1.59,1.63,1.68,1.58,1.58,1.64,1.98,2.019382,2.02,2.02
Parsons Green,5.08,5.13,5.45,5.69,5.94,6.19,6.45,6.8,6.822161,6.75,6.76
Perivale,1.97,2.09,2.03,2.04,2.08,2.16,2.24,2.34,2.405584,2.46,2.51
Piccadilly Circus,38.09,38.85,38.57,39.68,40.58,42.36,41.7,42.93,42.796831,41.29,40.82
Pimlico,8.02,8.41,8.39,8.24,8.79,9.91,10.21,11.42,11.264698,11.49,10.97
Pinner,2.25,2.31,2.26,2.2,2.3,2.47,2.61,2.84,3.084213,3.2,3.43
Plaistow,5.88,6.31,6.16,6.14,6.34,6.29,6.25,6.79,7.063495,5.49,6.13
Preston Road,3.03,3.1,2.95,2.86,2.96,2.97,3.15,3.47,3.4277089999999997,3.31,3.63
Putney Bridge,5.62,5.51,5.65,5.43,5.33,5.6,5.92,5.93,5.7569099999999995,5.42,5.38
Queen's Park,5.04,5.66,5.29,5.21,5.53,5.41,5.58,5.84,5.771615,5.64,5.65
Queensbury,3.19,3.21,3.19,2.98,3.18,3.37,3.85,4.2,4.525278,4.68,4.65
Queensway,8.04,8.48,8.48,9.33,8.86,8.56,8.58,7.59,7.656619,8.71,8.52
Ravenscourt Park,2.59,2.62,2.5,2.52,2.65,2.75,2.77,2.91,3.1890080000000003,3.18,3.21
Rayners Lane,3.81,3.85,3.91,3.87,3.98,3.95,4.08,4.37,4.512905,4.46,4.32
Redbridge,2.27,2.36,2.56,2.61,2.63,2.57,2.67,2.91,2.934539,3.05,2.94
Regent's Park,2.87,3.34,3.27,3.71,3.78,3.78,3.79,3.71,3.5414809999999997,3.35,3.61
Richmond,7.31,7.3,7.6,7.15,7.47,7.56,7.95,8.45,8.661325,8.11,8.33
Rickmansworth,1.87,1.9,1.9,1.91,2.03,2.17,2.24,2.42,2.442771,2.46,2.71
Roding Valley,0.2,0.21,0.21,0.21,0.22,0.22,0.24,0.26,0.260651,0.37,0.37
Royal Oak,1.55,1.83,1.77,1.85,2.05,2.22,2.43,2.7,2.491199,2.55,2.62
Ruislip,1.57,1.59,1.58,1.53,1.57,1.62,1.71,1.9,1.9031049999999998,1.95,1.99
Ruislip Gardens,0.77,0.88,0.96,0.98,1.0,0.99,1.0,1.08,1.112623,1.07,1.16
Ruislip Manor,1.48,1.55,1.56,1.57,1.6,1.69,1.77,1.98,2.005867,1.99,2.04
Russell Square,13.59,13.59,14.05,14.18,14.73,13.44,12.95,13.08,13.328942000000001,12.35,11.45
Seven Sisters,13.53,13.34,12.38,12.43,12.53,13.25,14.46,15.97,17.522713,18.61,18.33
Shepherd's Bush (Cen),12.14,20.73,18.96,21.71,21.59,21.9,22.87,22.87,22.257246,22.85,22.62
Shepherd's Bush (H&C),3.42,3.58,2.96,2.87,3.0,3.26,3.44,3.66,3.4125900000000002,3.57,3.73
Sloane Square,13.91,14.79,14.42,14.74,14.94,16.51,16.56,16.76,17.197513,17.15,17.23
Snaresbrook,2.16,2.22,2.43,2.42,2.6,2.54,2.59,2.78,2.674477,2.69,2.93
South Ealing,3.45,3.36,3.34,3.31,3.32,3.31,3.48,3.7,3.699819,3.62,3.66
South Harrow,2.18,2.19,2.27,2.4,2.28,2.26,2.29,2.5,2.583973,2.48,2.22
South Kensington,28.25,28.48,28.24,29.78,30.61,32.5,32.75,36.46,33.869744,33.6,33.86
South Kenton,0.81,0.82,0.85,0.92,0.96,0.97,1.02,1.1,0.957195,1.17,1.21
South Ruislip,1.52,1.61,1.61,1.68,1.76,1.71,1.77,1.76,1.7180849999999999,1.76,2.02
South Wimbledon,3.72,3.68,3.8,3.6,3.75,3.7,3.79,4.28,4.5704400000000005,4.76,4.87
South Woodford,3.71,3.84,4.09,3.98,4.39,4.33,4.59,5.03,5.1486790000000004,5.25,5.28
Southfields,5.74,5.63,5.51,5.21,5.26,5.58,5.79,6.13,6.173897,6.28,6.03
Southgate,4.81,5.05,4.96,4.91,4.91,4.88,5.39,5.63,5.555527,5.65,5.59
Southwark,8.52,9.66,10.03,10.44,11.07,11.98,13.46,14.15,17.937654000000002,17.86,16.71
St. James's Park,13.08,13.19,13.42,13.3,13.5,14.26,14.73,15.73,15.698185999999998,14.93,14.29
St. John's Wood,6.65,6.66,6.52,6.37,6.74,7.07,7.27,7.62,7.879484,7.79,7.79
St. Paul's,13.23,12.95,14.15,16.16,17.08,15.05,16.44,17.54,17.371372,18.42,17.2
Stamford Brook,2.78,2.64,2.43,2.5,2.52,2.63,2.66,2.67,2.695977,2.7,2.69
Stanmore,2.83,2.78,2.78,2.68,3.02,3.36,3.54,3.89,3.9736860000000003,4.04,3.92
Stepney Green,4.03,4.4,4.14,4.13,4.38,4.68,5.0,5.43,5.846372,6.41,6.34
Stockwell,8.0,8.36,7.87,8.04,8.33,8.87,9.42,10.52,11.082161,11.42,11.7
Stonebridge Park,2.08,2.13,2.4,2.37,2.59,2.48,2.54,2.61,2.67489,2.53,2.54
Stratford,25.63,27.23,26.99,29.82,48.57,50.96,54.5,59.31,61.44263,67.05,61.99
Sudbury Hill,2.21,2.11,2.01,1.96,2.01,2.03,2.01,2.21,2.217946,1.98,1.88
Sudbury Town,2.29,2.24,2.16,2.12,2.06,2.01,1.98,2.1,2.179203,2.0,1.81
Swiss Cottage,7.24,7.06,6.65,6.2,6.91,7.53,7.83,7.28,7.7108300000000005,7.58,7.76
Temple,7.35,6.77,9.64,9.4,9.99,7.82,7.92,8.14,8.595799000000001,8.22,8.95
Theydon Bois,0.64,0.65,0.67,0.66,0.74,0.75,0.82,0.85,0.8547020000000001,0.85,0.95
Tooting Bec,7.09,6.99,6.43,6.3,6.56,6.86,6.9,7.56,7.933544,7.92,8.07
Tooting Broadway,13.19,13.0,12.98,12.87,13.04,13.23,13.51,15.11,15.737978,15.92,16.21
Tottenham Court Road,37.29,36.57,34.87,34.55,23.99,36.01,38.06,36.76,16.2498,39.35,41.33
Tottenham Hale,7.7,8.35,7.75,8.31,8.86,9.8,10.32,11.91,11.954313,13.21,12.47
Totteridge & Whetstone,1.65,1.81,1.78,1.86,1.98,1.92,1.95,2.24,2.33448,2.23,2.54
Tower Hill,19.44,20.31,21.61,21.79,21.58,22.54,23.41,26.32,22.176713,21.83,21.03
Tufnell Park,3.24,3.35,3.7,3.75,3.55,3.68,3.94,3.94,0.0,3.71,4.11
Turnham Green,5.9,5.99,5.85,5.9,5.83,6.03,6.2,6.46,6.4459230000000005,5.65,6.16
Turnpike Lane,9.76,9.87,9.62,9.39,9.8,9.6,10.29,10.77,10.790301,10.86,10.74
Upminster,4.57,4.39,4.43,4.43,4.56,4.73,4.96,5.16,5.140645,5.34,5.52
Upminster Bridge,0.78,0.93,0.87,0.89,0.99,1.1,1.1,1.14,1.146772,1.16,1.15
Upney,1.86,1.84,1.87,1.89,2.11,2.13,2.3,2.53,2.684747,2.72,2.7
Upton Park,8.84,9.59,10.36,10.55,11.01,10.3,10.48,11.41,11.413623,10.14,9.59
Uxbridge,6.49,6.93,6.75,6.71,6.91,7.18,7.59,8.07,8.341531,8.45,8.38
Vauxhall,18.82,18.56,18.3,19.3,20.87,22.84,25.15,27.51,26.834959,32.23,30.83
Victoria,76.41,78.41,77.44,79.93,82.25,82.96,84.58,86.73,82.88556,83.5,79.36
Walthamstow Central,13.74,14.16,13.44,13.75,14.32,15.09,16.68,18.05,18.333582,22.77,9.59
Wanstead,2.21,2.26,2.2,2.38,2.57,2.56,2.73,3.09,2.9035599999999997,2.96,2.95
Warren Street,14.17,14.38,14.04,13.6,15.69,16.51,17.6,19.41,19.917362,20.35,20.11
Warwick Avenue,4.22,4.26,4.23,4.31,4.3,4.31,4.62,4.51,4.501822,4.51,4.27
Waterloo,74.84,77.2,75.94,81.57,84.12,88.16,89.4,91.49,95.138374,100.36,91.27
Watford,1.64,1.62,1.5,1.48,1.57,1.6,1.66,1.76,1.845823,1.84,1.86
Wembley Central,3.2,3.5,4.23,4.37,4.56,5.18,4.59,5.52,5.789848999999999,5.77,5.93
Wembley Park,11.91,10.75,9.32,9.02,9.66,10.6,11.74,14.11,14.542576,15.1,16.58
West Acton,1.56,1.65,1.59,1.58,1.62,1.58,1.69,1.67,1.736847,1.82,1.72
West Brompton,3.78,3.71,3.72,4.17,4.25,4.54,4.61,4.47,5.168451999999999,6.1,5.88
West Finchley,1.16,1.22,1.19,1.29,1.37,1.37,1.37,1.54,1.613941,1.67,1.69
West Ham,3.17,3.05,3.12,3.39,3.42,3.27,3.4,3.51,3.814553,3.46,4.41
West Hampstead,7.46,7.36,7.45,7.45,8.23,9.71,10.16,10.59,11.160117,11.04,11.8
West Harrow,1.15,1.19,1.2,1.1,1.08,1.1,1.13,1.2,1.329655,1.49,1.53
West Kensington,4.84,4.72,4.55,4.53,4.64,4.95,5.04,5.14,5.321523,5.06,5.23
West Ruislip,1.25,1.3,1.5,1.68,1.64,1.61,1.6,1.56,1.564634,1.67,1.72
Westbourne Park,2.87,3.11,2.9,2.73,3.03,3.37,3.73,3.73,3.7949599999999997,3.98,4.13
Westminster,18.36,19.05,19.08,20.15,20.78,22.09,23.5,26.03,25.614455,28.38,25.6
White City,7.43,9.33,7.85,8.03,7.74,7.53,7.22,7.51,7.7044179999999995,8.95,8.84
Whitechapel,12.43,11.55,12.14,12.69,12.62,13.04,14.45,12.89,11.702345,14.37,13.8
Willesden Green,8.52,8.14,7.34,7.15,7.81,8.23,8.56,8.82,8.960771000000001,8.97,8.8
Willesden Junction,3.43,3.5,3.83,3.9,3.92,3.99,4.17,4.5,4.597796,4.73,4.68
Wimbledon,14.76,15.06,11.47,11.67,11.75,11.95,14.2,15.3,15.631389000000002,13.4,12.61
Wimbledon Park,2.07,2.08,2.13,2.0,2.0,2.11,2.13,1.81,1.821025,1.89,2.18
Wood Green,10.97,10.89,10.84,10.93,11.35,11.53,12.44,13.35,13.18919,13.2,12.89
Woodford,4.25,4.35,4.48,4.45,4.89,4.86,5.59,5.87,6.034086,5.69,5.98
Woodside Park,2.2,2.31,2.31,2.54,2.69,2.66,2.63,2.65,2.816775,2.87,3.54
